url,title,description,author,published_date,category,content_length,views,comments,scraped_at
https://vnexpress.net/xu-huong-lap-trinh-vibe-coding-tai-viet-nam-4948389.html,Xu hướng lập trình Vibe Coding tại Việt Nam,"Nhiều người dùng, gồm cả lập trình viên nhiều năm kinh nghiệm, bắt đầu sử dụng AI trong lập trình (Vibe Coding) dù chưa mạo hiểm tin tưởng hoàn toàn.",VnExpress,"Thứ hai, 13/10/2025, 05:00 (GMT+7)",Chuyển đổi số,8460,N/A,N/A,2025-10-13 07:55:37
https://vnexpress.net/cobot-co-may-giup-day-nhanh-qua-trinh-hoi-sinh-san-xuat-my-4949653.html,Cobot - cỗ máy giúp đẩy nhanh quá trình 'hồi sinh' sản xuất Mỹ,"Những mẫu robot cỡ nhỏ làm việc cùng con người, gọi là cobot, được đánh giá đang giúp đẩy nhanh quá trình phục hồi ngành sản xuất của Mỹ.",VnExpress,"Chủ nhật, 12/10/2025, 05:00 (GMT+7)",Chuyển đổi số,6149,N/A,N/A,2025-10-13 07:55:38
https://vnexpress.net/phong-phim-tai-gia-12-ty-dong-tai-p-h-e-show-2025-4950201.html,Phòng phim tại gia 12 tỷ đồng tại P.H.E Show 2025,"Triển lãm Thiết bị giải trí cá nhân và gia đình P.H.E. Show quy tụ nhiều phòng phim tiền tỷ, nổi bật là hệ thống phối ghép 13 tỷ đồng.",VnExpress,"Chủ nhật, 12/10/2025, 11:15 (GMT+7)",Chuyển đổi số,3499,N/A,N/A,2025-10-13 07:55:39
https://vnexpress.net/honor-magic-v5-smartphone-gap-sieu-mong-gia-45-trieu-dong-4950268.html,Honor Magic V5 - smartphone gập siêu mỏng giá 45 triệu đồng,"Magic V5, smartphone gập mỏng nhất thế giới của Honor, được nâng cấp về độ bền, dung lượng pin và bán tại Việt Nam với giá 45 triệu đồng.",VnExpress,"Chủ nhật, 12/10/2025, 08:53 (GMT+7)",Thiết bị,5552,N/A,N/A,2025-10-13 07:55:41
https://vnexpress.net/du-an-truyen-anh-sang-mat-troi-vao-buoi-toi-gay-lo-ngai-4949865.html,Dự án truyền ánh sáng Mặt Trời vào buổi tối gây lo ngại,MỹReflect Orbital dự định phóng hàng nghìn vệ tinh lên quỹ đạo Trái Đất để phản chiếu ánh sáng Mặt Trời khiến các nhà thiên văn học lo ảnh hưởng hệ sinh thái.,VnExpress,"Thứ bảy, 11/10/2025, 16:00 (GMT+7)",Vũ trụ,3418,N/A,N/A,2025-10-13 07:55:42
https://vnexpress.net/nhung-mau-may-bay-dien-tien-tien-nhat-the-gioi-4949428.html,Những mẫu máy bay điện tiên tiến nhất thế giới,"Thế hệ máy bay điện mới hiện thực hóa mục tiêu không thải khí, yên tĩnh và hiệu quả thông qua ứng dụng công nghệ pin tiên tiến, vật liệu nhẹ và hệ thống động cơ lai.",VnExpress,"Thứ bảy, 11/10/2025, 14:00 (GMT+7)",N/A,2789,N/A,N/A,2025-10-13 07:55:43
https://vnexpress.net/6-may-loc-khong-khi-co-man-loc-an-tuong-4949487.html#vn_source=Home&vn_campaign=Box-TechAwards2025&vn_medium=Item-1&vn_term=Desktop,6 máy lọc không khí có màn lọc ấn tượng,"Số bình chọn thứ sáu của Sản phẩm tôi yêu 2025 là cuộc đua của 6 mẫu máy lọc không khí, giá từ 1,8 triệu đến 18 triệu đồng.",VnExpress,"Thứ sáu, 10/10/2025, 13:01 (GMT+7)",Tech Awards 2025,3454,N/A,N/A,2025-10-13 07:55:45
https://vnexpress.net/cay-la-kim-co-the-he-lo-mo-vang-duoi-long-dat-4949746.html,Cây lá kim có thể hé lộ mỏ vàng dưới lòng đất,"Phần LanCác nhà nghiên cứu phát hiện một số vi khuẩn sống trên cây vân sâm có thể tách riêng và tích tụ hạt nano vàng thông qua hấp thụ từ rễ, cung cấp phương pháp mới để thăm dò vàng.",VnExpress,"Thứ bảy, 11/10/2025, 10:31 (GMT+7)",N/A,2535,N/A,N/A,2025-10-13 07:55:46
https://vnexpress.net/danh-gia-iphone-air-muon-yeu-phai-danh-doi-4949637.html,Đánh giá iPhone Air - muốn 'yêu' phải đánh đổi,"iPhone Air tạo thiện cảm ngay lần đầu cầm máy, cảm giác thoải mái khi sử dụng, nhưng chỉ có một camera và không phù hợp với người có nhu cầu dùng nhiều trong ngày.",VnExpress,"Thứ bảy, 11/10/2025, 05:00 (GMT+7)",Thiết bị,305,N/A,N/A,2025-10-13 07:55:47
https://vnexpress.net/my-thu-nghiem-cong-nghe-khai-thac-lithium-tang-gap-doi-san-luong-4948843.html,Mỹ thử nghiệm công nghệ khai thác lithium tăng gấp đôi sản lượng,"Công ty Lilac Solutions đang tiên phong thử nghiệm phương pháp chiết xuất lithium mới từ nước mặn nồng độ thấp, giúp tăng gấp đôi sản lượng của Mỹ trong vòng hai năm.",VnExpress,"Thứ bảy, 11/10/2025, 00:00 (GMT+7)",N/A,3165,N/A,N/A,2025-10-13 07:55:49
https://vnexpress.net/oppo-a6-pro-smartphone-sieu-ben-pin-7-000-mah-4949982.html,"Oppo A6 Pro - smartphone siêu bền, pin 7.000 mAh","Oppo A6 Pro có độ bền chuẩn quân đôi Mỹ MIL-STD 810H với khả năng chống va đập, chống nước tốt, đồng thời nâng cấp mạnh về pin.",VnExpress,"Thứ bảy, 11/10/2025, 10:00 (GMT+7)",Thiết bị,4657,N/A,N/A,2025-10-13 07:55:50
https://vnexpress.net/buu-dien-tro-thanh-cua-hang-bach-hoa-4949967.html,Bưu điện trở thành cửa hàng bách hóa,"Nhiều điểm bưu điện trở thành cửa hàng bách hóa, cung cấp dịch vụ tài chính, hành chính công, bên cạnh mảng bưu chính chuyển phát.",VnExpress,"Thứ bảy, 11/10/2025, 09:00 (GMT+7)",Bộ Khoa học và Công nghệ,2954,N/A,N/A,2025-10-13 07:55:51
https://vnexpress.net/phuong-o-ha-noi-muon-tro-thanh-do-thi-thong-minh-4949788.html,Phường ở Hà Nội muốn trở thành đô thị thông minh,"Lãnh đạo phường Xuân Đỉnh đặt mục tiêu trở thành đô thị thông minh, khuyến khích người dân ứng dụng công nghệ trong sinh hoạt hàng ngày.",VnExpress,"Thứ bảy, 11/10/2025, 07:55 (GMT+7)",Chuyển đổi số,5552,N/A,N/A,2025-10-13 07:55:52
https://vnexpress.net/viettel-to-chuc-hoi-thao-tri-tue-nhan-tao-tai-ha-noi-va-tp-hcm-4949764.html,Viettel tổ chức hội thảo trí tuệ nhân tạo tại Hà Nội và TP HCM,"Viettel AI Race 2025 khởi động chuỗi hội thảo tại Hà Nội và TP HCM, chia sẻ tri thức và ứng dụng thực tiễn của AI trong đời sống.",VnExpress,"Thứ bảy, 11/10/2025, 08:00 (GMT+7)",Chuyển đổi số,2613,N/A,N/A,2025-10-13 07:55:54
https://vnexpress.net/ve-tinh-starlink-roi-xuong-trai-dat-ngay-cang-thuong-xuyen-4949912.html,Vệ tinh Starlink rơi xuống Trái Đất ngày càng thường xuyên,"Vệ tinh Starlink của SpaceX đang rơi khỏi quỹ đạo nhanh hơn trước, dấy lên câu hỏi về vấn đề an toàn và rác vũ trụ.",VnExpress,"Thứ sáu, 10/10/2025, 20:45 (GMT+7)",Vũ trụ,2692,N/A,N/A,2025-10-13 07:55:55
https://vnexpress.net/sora-2-dat-mot-trieu-luot-tai-nhanh-hon-chatgpt-4949687.html,Sora 2 đạt một triệu lượt tải nhanh hơn ChatGPT,"Công cụ tạo video Sora 2 của OpenAI, ra mắt ngày 30/9, vượt mốc một triệu lượt tải sau chưa đầy 5 ngày.",VnExpress,"Thứ sáu, 10/10/2025, 15:27 (GMT+7)",AI,2134,N/A,N/A,2025-10-13 07:55:57
https://vnexpress.net/ai-dang-thay-doi-van-hoa-doanh-nghiep-4949918.html,AI đang thay đổi văn hóa doanh nghiệp,"Nhiều lãnh đạo doanh nghiệp thừa nhận trí tuệ nhân tạo (AI) không chỉ buộc tổ chức của họ phải đổi mới công nghệ, mà còn tái định hình văn hóa trong một không gian giữa người và máy.",VnExpress,"Thứ sáu, 10/10/2025, 19:19 (GMT+7)",AI,3551,N/A,N/A,2025-10-13 07:55:58
https://vnexpress.net/iphone-se-khong-con-man-hinh-tai-tho-4949033.html,iPhone sẽ không còn màn hình tai thỏ,"Mẫu iPhone 17e giá rẻ được cho là sẽ trang bị chip như trên iPhone 17 cùng màn hình Dynamic Island, đánh dấu sự kết thúc của thiết kế tai thỏ.",VnExpress,"Thứ sáu, 10/10/2025, 14:00 (GMT+7)",Thiết bị,1227,N/A,N/A,2025-10-13 07:55:59
https://vnexpress.net/cuu-ceo-google-ai-co-the-bi-hack-va-hoc-cach-giet-nguoi-4949551.html,Cựu CEO Google: 'AI có thể bị hack và học cách giết người',"Eric Schmidt, cựu CEO Google, cảnh báo mọi AI đều có nguy cơ trở thành cỗ máy giết người nếu bị kẻ xấu tấn công và ""loại bỏ rào chắn"".",VnExpress,"Thứ sáu, 10/10/2025, 12:00 (GMT+7)",AI,2951,N/A,N/A,2025-10-13 07:56:01
https://vnexpress.net/tai-sao-bao-lu-ngay-cang-nghiem-trong-4948956.html,Tại sao bão lũ ngày càng nghiêm trọng?,"Những trận bão lũ từng được coi là ""trăm năm có một"" nay xuất hiện với tần suất dày đặc, biến điều hiếm thấy thành ""bình thường mới"" do tác động của biến đổi khí hậu.",VnExpress,"Thứ sáu, 10/10/2025, 11:20 (GMT+7)",Cửa sổ tri thức,4193,N/A,N/A,2025-10-13 07:56:02
https://vnexpress.net/trang-trai-dien-gio-chong-bao-ven-bien-trung-quoc-4949389.html,Trang trại điện gió chống bão ven biển Trung Quốc,Các công ty Trung Quốc đang nỗ lực phát triển thế hệ trang trại điện gió mới có thể chống chọi và khai thác sức mạnh của những cơn bão nhiệt đới mạnh nhất.,VnExpress,"Thứ sáu, 10/10/2025, 08:51 (GMT+7)",N/A,4166,N/A,N/A,2025-10-13 07:56:03
https://vnexpress.net/intel-ra-chip-panther-lake-san-xuat-tai-my-4949493.html,Intel ra chip Panther Lake sản xuất tại Mỹ,"Chip xử lý Panther Lake mới được sản xuất trên tiến trình 18A tại nhà máy của Intel tại Arizona, dự kiến xuất xưởng cuối 2025, bán ra đầu 2026.",VnExpress,"Thứ sáu, 10/10/2025, 07:56 (GMT+7)",Chuyển đổi số,1766,N/A,N/A,2025-10-13 07:56:05
https://vnexpress.net/nen-mua-iphone-17-pro-max-hay-xiaomi-17-pro-max-4948934.html,Nên mua iPhone 17 Pro Max hay Xiaomi 17 Pro Max?,Tôi đang chờ iPhone 17 Pro Max bình ổn giá nhưng thấy Xiaomi ra 17 Pro Max cũng rất thú vị (Lê Kỵ).,VnExpress,"Thứ sáu, 10/10/2025, 07:00 (GMT+7)",Cửa sổ tri thức,666,N/A,N/A,2025-10-13 07:56:06
https://vnexpress.net/goi-chatgpt-re-nhat-duoc-trien-khai-tai-viet-nam-4949488.html,Gói ChatGPT rẻ nhất được triển khai tại Việt Nam,"ChatGPT Go, gói thuê bao AI giá 4 USD hay 132.000 đồng mỗi tháng được OpenAI triển khai tại Việt Nam.",VnExpress,"Thứ sáu, 10/10/2025, 00:01 (GMT+7)",AI,1596,N/A,N/A,2025-10-13 07:56:07
https://vnexpress.net/ly-do-bau-troi-chuyen-mau-do-khi-hoang-hon-4948933.html,Lý do bầu trời chuyển màu đỏ khi hoàng hôn,"Theo hiện tượng tán xạ Rayleigh, khi Mặt Trời mọc gần chân trời lúc hoàng hôn, màu sắc có bước sóng ngắn hơn, tán xạ nhiều hơn, cho phép màu vàng, cam, đỏ có bước sóng dài hơn truyền qua.",VnExpress,"Thứ sáu, 10/10/2025, 00:00 (GMT+7)",Cửa sổ tri thức,38,N/A,N/A,2025-10-13 07:56:09
https://vnexpress.net/6-may-loc-khong-khi-co-man-loc-an-tuong-4949487.html,6 máy lọc không khí có màn lọc ấn tượng,"Số bình chọn thứ sáu của Sản phẩm tôi yêu 2025 là cuộc đua của 6 mẫu máy lọc không khí, giá từ 1,8 triệu đến 18 triệu đồng.",VnExpress,"Thứ sáu, 10/10/2025, 13:01 (GMT+7)",Tech Awards 2025,3454,N/A,N/A,2025-10-13 07:56:10
https://vnexpress.net/hyphen-deux-cong-bo-san-xuat-chip-vi-dieu-khien-4949734.html,Hyphen Deux công bố sản xuất chip vi điều khiển,Hyphen Deux công bố tape-out (đưa đi sản xuất) chip vi điều khiển HDx32U đánh dấu một cột mốc trong quá trình đóng góp vào hệ sinh thái bán dẫn Việt Nam.,VnExpress,"Thứ sáu, 10/10/2025, 19:00 (GMT+7)",Đổi mới sáng tạo,2621,N/A,N/A,2025-10-13 07:56:11
https://vnexpress.net/drone-van-chuyen-5-tan-hang-vao-vung-lu-4949388.html,Drone vận chuyển 5 tấn hàng vào vùng lũ,"Thái NguyênDrone của Viettel đưa khoảng 5 tấn hàng hóa đến vùng lũ trong hai ngày, trong đó có chuyến vận chuyển thuốc cho cháu bé 4 tháng tuổi.",VnExpress,"Thứ năm, 9/10/2025, 19:21 (GMT+7)",Đổi mới sáng tạo,2345,N/A,N/A,2025-10-13 07:56:13
https://vnexpress.net/uu-tien-chuyen-giao-cong-nghe-tao-dong-luc-phat-trien-dat-nuoc-4949348.html,Ưu tiên chuyển giao công nghệ tạo động lực phát triển đất nước,"Bộ trưởng Nguyễn Mạnh Hùng cho biết Luật Chuyển giao công nghệ sửa đổi sẽ ưu tiên, ưu đãi công nghệ mới và công nghệ động lực, coi đây là chìa khóa thúc đẩy phát triển đất nước.",VnExpress,"Thứ năm, 9/10/2025, 17:41 (GMT+7)",Chính trị,4429,N/A,N/A,2025-10-13 07:56:14
https://vnexpress.net/ban-do-giup-doanh-nghiep-cong-nghe-so-viet-nam-nhan-thuc-duoc-vi-the-4949467.html,'Bản đồ' giúp doanh nghiệp công nghệ số Việt Nam nhận thức được vị thế,"Bản đồ công nghệ số Việt Nam được xây dựng với hai trục Tầm nhìn và Thực thi, giúp doanh nghiệp tự định vị, và khách hàng, nhà đầu tư tra cứu, so sánh.",VnExpress,"Thứ năm, 9/10/2025, 22:58 (GMT+7)",Chuyển đổi số,3645,N/A,N/A,2025-10-13 07:56:16
https://vnexpress.net/muon-phat-trien-ai-phai-tao-ra-thi-truong-cho-ai-4949310.html,"'Muốn phát triển AI, phải tạo ra thị trường cho AI'","Việt Nam sẽ tăng chi tiêu công cho trí tuệ nhân tạo, biến thị trường trong nước thành bệ phóng cho doanh nghiệp AI, theo Cục trưởng Công nghiệp Công nghệ thông tin Nguyễn Khắc Lịch.",VnExpress,"Thứ năm, 9/10/2025, 16:12 (GMT+7)",AI,4887,N/A,N/A,2025-10-13 07:56:17
https://vnexpress.net/phan-ung-bat-ngo-cua-nha-khoa-hoc-khi-nhan-tin-doat-giai-nobel-4949212.html,Phản ứng bất ngờ của nhà khoa học khi nhận tin đoạt giải Nobel,Một số học giả ngỡ cuộc gọi báo tin đoạt giải từ Thụy Điển là cuộc gọi rác trong khi một nhà khoa học bỏ lỡ tin tức quan trọng vì mải đi du lịch cùng gia đình.,VnExpress,"Thứ năm, 9/10/2025, 14:01 (GMT+7)",N/A,5367,N/A,N/A,2025-10-13 07:56:19
https://vnexpress.net/hai-phong-co-the-tro-thanh-trung-tam-cong-nghe-hang-dau-cua-dong-nam-a-4949175.html,'Hải Phòng có thể trở thành trung tâm công nghệ hàng đầu của Đông Nam Á',"Hải PhòngThứ trưởng Khoa học và Công nghệ Hoàng Minh đánh giá Hải Phòng có đầy đủ tiềm lực để trở thành trung tâm khởi nghiệp sáng tạo của quốc gia và khu vực, thậm chí là 'hub công nghệ hàng đầu' của Đông Nam Á"".",VnExpress,"Thứ năm, 9/10/2025, 11:26 (GMT+7)",Đổi mới sáng tạo,3544,N/A,N/A,2025-10-13 07:56:20
https://vnexpress.net/apple-cai-tien-magsafe-sau-su-co-tray-xuoc-iphone-17-4949032.html,Apple cải tiến MagSafe sau sự cố trầy xước iPhone 17,"Các bộ sạc MagSafe tại Apple Store có thêm vòng silicon bên ngoài, được cho là để hạn chế tình trạng xước mặt sau trên các mẫu iPhone 17.",VnExpress,"Thứ năm, 9/10/2025, 08:42 (GMT+7)",Thiết bị,1227,N/A,N/A,2025-10-13 07:56:21
https://vnexpress.net/the-he-truoc-hy-sinh-de-mo-duong-the-he-hom-nay-phai-phung-su-de-toi-dich-4948846.html,"'Thế hệ trước hy sinh để mở đường, thế hệ hôm nay phải phụng sự để tới đích'","Theo Bộ trưởng Nguyễn Mạnh Hùng, thế hệ Việt Nam hôm nay cần khai phá tri thức, tạo ra công nghệ, thúc đẩy chuyển đổi số, góp phần đưa Việt Nam vươn lên trong kỷ nguyên số.",VnExpress,N/A,N/A,12741,N/A,N/A,2025-10-13 07:56:23
https://vnexpress.net/cach-amd-thanh-the-luc-trong-cuoc-chien-chip-ai-4948615.html,Cách AMD thành 'thế lực' trong cuộc chiến chip AI,Chiến lược chuyển hướng nhanh từ card đồ họa cho người dùng máy tính sang chip cho trung tâm dữ liệu và AI được đánh giá giúp AMD bứt phá.,VnExpress,"Thứ năm, 9/10/2025, 05:00 (GMT+7)",Chuyển đổi số,3821,N/A,N/A,2025-10-13 07:56:25
https://vnexpress.net/ben-trong-lo-phan-ung-hat-nhan-da-lat-4948494.html,Bên trong lò phản ứng hạt nhân Đà Lạt,"Lâm ĐồngLò phản ứng hạt nhân Đà Lạt, công suất 500 kWt, là nơi sản xuất thuốc phóng xạ cho y tế, công nghiệp và đào tạo nhân lực năng lượng nguyên tử.",VnExpress,"Thứ năm, 9/10/2025, 00:00 (GMT+7)",N/A,7169,N/A,N/A,2025-10-13 07:56:27
https://vnexpress.net/ai-can-neo-voi-gia-tri-con-nguoi-trong-trai-nghiem-khach-hang-4948837.html,'AI cần neo với giá trị con người trong trải nghiệm khách hàng',"Theo giới chuyên gia, dù AI được ứng dụng càng nhiều trong các dịch vụ trải nghiệm khách hàng (CX), doanh nghiệp vẫn phải ưu tiên yếu tố con người.",VnExpress,"Thứ năm, 9/10/2025, 11:34 (GMT+7)",AI,4396,N/A,N/A,2025-10-13 07:56:30
https://vnexpress.net/chien-luoc-mo-rong-gia-dung-thong-minh-cua-xiaomi-tai-viet-nam-4948797.html,Chiến lược mở rộng gia dụng thông minh của Xiaomi tại Việt Nam,Xiaomi bắt đầu mở rộng sang thiết bị gia dụng thông minh tại Việt Nam thông qua dòng sản phẩm Mijia và hệ thống cửa hàng chuyên biệt sau khi tạo tên tuổi ở mảng smartphone.,VnExpress,"Thứ năm, 9/10/2025, 14:00 (GMT+7)",Thiết bị,2871,N/A,N/A,2025-10-13 07:56:31
https://vnexpress.net/cong-cu-tang-hieu-suat-lam-viec-di-dong-tren-galaxy-tab-s11-series-4948904.html,Công cụ tăng hiệu suất làm việc di động trên Galaxy Tab S11 Series,"Galaxy Tab S11 Series kết hợp nền tảng AI, Samsung DeX và thiết kế mỏng nhẹ, hướng đến khả năng xử lý công việc chuyên nghiệp trong môi trường di động.",VnExpress,"Thứ năm, 9/10/2025, 11:00 (GMT+7)",Thiết bị,2937,N/A,N/A,2025-10-13 07:56:32
https://vnexpress.net/chu-nhan-nobel-hoa-hoc-tung-nhan-giai-thuong-vinfuture-4949094.html,Chủ nhân Nobel Hóa học từng nhận giải thưởng VinFuture,"Giáo sư Omar M. Yaghi nhận giải Đặc biệt VinFuture mùa đầu tiên năm 2021, trước khi cùng Susumu Kitagawa và Richard Robson nhận Nobel Hóa học 2025.",VnExpress,"Thứ năm, 9/10/2025, 09:30 (GMT+7)",Cửa sổ tri thức,2830,N/A,N/A,2025-10-13 07:56:34
https://vnexpress.net/daikin-nang-cap-cong-nghe-kiem-soat-do-am-dieu-hoa-4942173.html,N/A,N/A,VnExpress,"Thứ năm, 9/10/2025, 08:00 (GMT+7)",Thiết bị,3,N/A,N/A,2025-10-13 07:56:35
https://vnexpress.net/omar-m-yaghi-tu-nguoi-ti-nan-toi-chu-nhan-giai-nobel-2025-4949017.html,Omar M. Yaghi - từ người tị nạn tới chủ nhân giải Nobel 2025,"Tuổi thơ nghèo khó thôi thúc giáo sư Omar M. Yaghi theo đuổi nghiên cứu đột phá về khung kim loại - hữu cơ, mở ra tiềm năng giảm thiểu carbon, lưu trữ năng lượng sạch, thu thập nước sạch.",VnExpress,"Thứ tư, 8/10/2025, 22:42 (GMT+7)",N/A,4026,N/A,N/A,2025-10-13 07:56:36
https://vnexpress.net/ky-su-it-lap-ban-do-thong-tin-cuu-ho-vung-bao-lu-4948979.html,Kỹ sư IT lập bản đồ thông tin cứu hộ vùng bão lũ,"Hai kỹ sư trẻ phát triển bản đồ cứu hộ theo thời gian thực, giúp người dân ở tìm kiếm sự trợ giúp nhanh hơn trong bão lũ.",VnExpress,"Thứ tư, 8/10/2025, 18:51 (GMT+7)",Chuyển đổi số,3525,N/A,N/A,2025-10-13 07:56:38
https://vnexpress.net/drone-ai-danh-bai-nha-vo-dich-the-gioi-tren-duong-dua-4874539.html,Drone AI đánh bại nhà vô địch thế giới trên đường đua,"Hà LanLần đầu tiên một drone (máy bay không người lái) đánh bại phi công trong cuộc đua drone quốc tế, đánh dấu cột mốc mới trong phát triển của trí tuệ nhân tạo.",VnExpress,"Thứ tư, 16/4/2025, 19:00 (GMT+7)",N/A,3918,N/A,N/A,2025-10-13 07:56:43
https://vnexpress.net/31-ho-so-vao-chung-ket-sang-kien-khoa-hoc-2025-4874645.html,31 hồ sơ vào chung kết Sáng kiến Khoa học 2025,"31 giải pháp, sản phẩm được sàng lọc bởi Ban giám khảo và bình chọn của độc giả từ vòng loại, bước vào chung kết cuộc thi Sáng kiến Khoa học 2025",VnExpress,"Thứ tư, 16/4/2025, 16:11 (GMT+7)",N/A,5772,N/A,N/A,2025-10-13 07:56:45
https://vnexpress.net/dan-voi-tao-vong-tron-bao-ve-con-trong-dong-dat-5-2-do-4874527.html,"Đàn voi tạo vòng tròn bảo vệ con trong động đất 5,2 độ","Những con voi lớn ở vườn thú San Diego vội vã tạo thành vòng tròn bao quanh hai con non khi động đất 5,2 độ xảy ra ở khu vực Julian tại Nam California.",VnExpress,"Thứ tư, 16/4/2025, 12:06 (GMT+7)",Thế giới tự nhiên,2452,N/A,N/A,2025-10-13 07:56:47
https://vnexpress.net/trung-quoc-tich-hop-ai-vao-van-hanh-cang-tu-dong-4874528.html,Trung Quốc tích hợp AI vào vận hành cảng tự động,Các cảng biển lớn dọc bờ biển Trung Quốc đang đẩy mạnh tích hợp AI và công nghệ tự động giúp tăng cường hiệu suất xử lý và tốc độ bốc dỡ hàng hóa.,VnExpress,"Thứ tư, 16/4/2025, 10:42 (GMT+7)",N/A,2836,N/A,N/A,2025-10-13 07:56:49
https://vnexpress.net/ky-nguyen-vang-trong-tham-hiem-khong-gian-cua-nasa-4874427.html,'Kỷ nguyên vàng' trong thám hiểm không gian của NASA,"Hàng chục năm trước, NASA đã gặt hái nhiều thành tựu, từ những chuyến đi bộ không gian mạo hiểm đến cuộc đổ bộ Mặt Trăng mang tính lịch sử.",VnExpress,"Thứ tư, 16/4/2025, 00:00 (GMT+7)",Vũ trụ,9738,N/A,N/A,2025-10-13 07:56:51
https://vnexpress.net/bi-kip-sinh-ton-trong-thoi-dai-ai-4874384.html,'Bí kíp sinh tồn trong thời đại AI',"Nhà xuất bản Thông tin và Truyền thông phát hành hai cuốn sách cung cấp kiến thức nền tảng và kinh nghiệm thực tiễn trong ứng dụng AI, trong đó giới thiệu về ""Bí kíp sinh tồn trong thời đại AI"".",VnExpress,"Thứ tư, 16/4/2025, 11:22 (GMT+7)",N/A,2327,N/A,N/A,2025-10-13 07:56:53
https://vnexpress.net/my-keu-goi-nguoi-dan-diet-ca-loc-xam-hai-4874052.html,Mỹ kêu gọi người dân diệt cá lóc xâm hại,Nhà chức trách cơ quan động vật hoang dã Mỹ đang tìm cách kiểm soát cá lóc xâm hại ở bang Missouri và nhiều bang khác.,VnExpress,"Thứ ba, 15/4/2025, 19:28 (GMT+7)",Thế giới tự nhiên,2398,N/A,N/A,2025-10-13 07:56:56
https://vnexpress.net/robot-nguoi-nhan-tao-cu-dong-1-000-co-bap-4874053.html,Robot 'người nhân tạo' cử động 1.000 cơ bắp,"Không giống những robot hình người khác, Protoclone bắt chước bộ xương, cơ bắp, mạch máu và hệ thần kinh của con người bằng những bộ phận nhân tạo.",VnExpress,"Thứ ba, 15/4/2025, 15:38 (GMT+7)",N/A,2459,N/A,N/A,2025-10-13 07:56:58
https://vnexpress.net/trung-quoc-sap-hoan-thanh-cay-cau-cao-nhat-the-gioi-4874060.html,Trung Quốc sắp hoàn thành cây cầu cao nhất thế giới,"Cầu hẻm núi Hoa Giang được xây ở độ cao 625 m phía trên sông Bắc Bàn, sẽ rút ngắn thời gian qua núi từ một giờ xuống vài phút.",VnExpress,"Thứ ba, 15/4/2025, 14:26 (GMT+7)",N/A,2647,N/A,N/A,2025-10-13 07:57:00
https://vnexpress.net/bo-truong-nguyen-manh-hung-chap-nhan-rui-ro-de-thuc-day-dot-pha-trong-nghien-cuu-4874107.html,Bộ trưởng Nguyễn Mạnh Hùng: 'Chấp nhận rủi ro để thúc đẩy đột phá trong nghiên cứu',Bộ trưởng Khoa học và Công nghệ Nguyễn Mạnh Hùng nhấn mạnh tự chủ và chấp nhận rủi ro là chìa khóa tạo đột phá trong nghiên cứu khoa học.,VnExpress,"Thứ ba, 15/4/2025, 11:25 (GMT+7)",Kỷ nguyên mới,3384,N/A,N/A,2025-10-13 07:57:01
https://vnexpress.net/phi-hanh-gia-goc-viet-noi-xin-chao-viet-nam-ngoai-khong-gian-4874127.html,Phi hành gia gốc Việt nói 'Xin chào Việt Nam' ngoài không gian,"Amanda Nguyễn, người Mỹ gốc Việt, mang theo 169 hạt sen bay lên không gian, ngắm nhìn Trái Đất và nói ""Xin chào Việt Nam"", hôm 14/4.",VnExpress,"Thứ ba, 15/4/2025, 10:58 (GMT+7)",Vũ trụ,2619,N/A,N/A,2025-10-13 07:57:04
https://vnexpress.net/may-bay-trinh-sat-nhanh-nhat-moi-thoi-dai-4873560.html,Máy bay trinh sát nhanh nhất mọi thời đại,"Lockheed SR-71 là máy bay trinh sát siêu thanh của Mỹ được vận hành hơn 30 năm và thực hiện lần cuối trong sứ mệnh của NASA năm 1999, được mệnh danh là 'Hắc điểu'.",VnExpress,"Thứ ba, 15/4/2025, 09:19 (GMT+7)",N/A,17,N/A,N/A,2025-10-13 07:57:06
https://vnexpress.net/anh-ai-danh-lua-con-nguoi-nhu-the-nao-4873693.html,Ảnh AI đánh lừa con người như thế nào?,Con người thường gặp khó khăn trong việc phân biệt giữa ảnh thật và ảnh AI tạo ra do có xu hướng bỏ sót những chi tiết nhỏ khi lướt mạng.,VnExpress,"Thứ ba, 15/4/2025, 00:00 (GMT+7)",N/A,4460,N/A,N/A,2025-10-13 07:57:09
https://vnexpress.net/phi-hanh-doan-toan-nu-dau-tien-bay-vao-khong-gian-thanh-cong-4873953.html,Phi hành đoàn toàn nữ đầu tiên bay vào không gian thành công,MỹTổ hợp tàu - tên lửa có thể tái sử dụng New Shepard của tỷ phú Jeff Bezos đưa 6 phi hành gia hạ cánh an toàn khoảng 10 phút sau khi phóng từ Tây Texas lúc 8h30 ngày 14/4 (20h30 giờ Hà Nội).,VnExpress,"Thứ hai, 14/4/2025, 20:36 (GMT+7)",Vũ trụ,4539,N/A,N/A,2025-10-13 07:57:11
https://vnexpress.net/he-thong-nang-luong-sach-cua-trung-quoc-o-chau-nam-cuc-4873559.html,Hệ thống năng lượng sạch của Trung Quốc ở châu Nam Cực,"Trạm khoa học Qinling tại châu Nam Cực đưa vào hoạt động hệ thống năng lượng tổng hợp mới, tích hợp năng lượng gió, Mặt Trời, hydro và diesel.",VnExpress,"Thứ hai, 14/4/2025, 19:09 (GMT+7)",N/A,12,N/A,N/A,2025-10-13 07:57:13
https://vnexpress.net/ap-dung-tieu-chuan-quoc-te-voi-nha-may-dien-hat-nhan-tai-viet-nam-4873576.html,'Áp dụng tiêu chuẩn quốc tế với nhà máy điện hạt nhân tại Việt Nam',Bộ trưởng Khoa học và Công nghệ Nguyễn Mạnh Hùng cho biết nhà máy điện hạt nhân phải đạt các tiêu chuẩn quốc tế khi Việt Nam chưa ban hành bộ quy chuẩn kỹ thuật quốc gia.,VnExpress,"Thứ hai, 14/4/2025, 12:51 (GMT+7)",N/A,5482,N/A,N/A,2025-10-13 07:57:15
https://vnexpress.net/phi-hanh-doan-toan-nu-dau-tien-bay-vao-khong-gian-4873730.html,Phi hành đoàn toàn nữ đầu tiên bay vào không gian,"MỹCông ty Blue Origin sẽ phóng chuyến bay vũ trụ gồm toàn nữ, trong đó có ca sĩ Katy Perry và Lauren Sánchez - vị hôn thê của tỷ phú Jeff Bezos, 8h30 hôm nay (20h30 giờ Hà Nội).",VnExpress,"Thứ hai, 14/4/2025, 11:42 (GMT+7)",Vũ trụ,2188,N/A,N/A,2025-10-13 07:57:17
https://vnexpress.net/nu-phi-hanh-gia-goc-viet-se-mang-hat-sen-bay-vao-khong-gian-4873655.html,Nữ phi hành gia gốc Việt sẽ mang hạt sen bay vào không gian,Amanda Nguyễn - người Mỹ gốc Việt - sẽ cùng phi hành đoàn của Blue Origin mang theo 169 hạt sen bay vào không gian hôm nay.,VnExpress,"Thứ hai, 14/4/2025, 10:10 (GMT+7)",N/A,1814,N/A,N/A,2025-10-13 07:57:19
https://vnexpress.net/co-nen-khai-thac-kim-loai-duoi-day-bien-sau-4873477.html,Có nên khai thác kim loại dưới đáy biển sâu?,"Một số người coi khai thác biển sâu hữu ích cho việc chuyển đổi sang năng lượng xanh, số khác lại lo ngại về những tác động đến môi trường.",VnExpress,"Thứ hai, 14/4/2025, 08:02 (GMT+7)",N/A,3810,N/A,N/A,2025-10-13 07:57:21
https://vnexpress.net/sieu-may-tinh-mo-duong-cho-laptop-nhu-the-nao-4873189.html,Siêu máy tính mở đường cho laptop như thế nào?,"Những siêu máy tính đời đầu chủ yếu ra đời ở Mỹ, có kích thước khổng lồ, khả năng tính toán quân sự phức tạp và sử dụng hàng nghìn ống chân không.",VnExpress,"Thứ hai, 14/4/2025, 00:00 (GMT+7)",N/A,4510,N/A,N/A,2025-10-13 07:57:23
https://vnexpress.net/bi-mat-gene-cua-loai-ran-toan-con-cai-4873305.html,Bí mật gene của loài rắn toàn con cái,"Rắn giun thường, loài rắn nhỏ nhất thế giới với chiều dài chỉ khoảng 10 cm, sinh sản không cần con đực nhờ bộ gene độc đáo.",VnExpress,"Chủ nhật, 13/4/2025, 20:00 (GMT+7)",Thế giới tự nhiên,10,N/A,N/A,2025-10-13 07:57:25
https://vnexpress.net/hien-tuong-bien-sua-khien-gioi-khoa-hoc-boi-roi-400-nam-4873304.html,Hiện tượng 'biển sữa' khiến giới khoa học bối rối 400 năm,"400 năm qua, nhiều thủy thủ trên thế giới đã báo cáo về hiện tượng bí ẩn khiến những vùng biển rộng lớn phát sáng ổn định vào ban đêm.",VnExpress,"Chủ nhật, 13/4/2025, 19:00 (GMT+7)",Thế giới tự nhiên,2668,N/A,N/A,2025-10-13 07:57:28
https://vnexpress.net/pin-huu-co-khong-kim-loai-co-tuoi-tho-30-nam-4873386.html,Pin hữu cơ không kim loại có tuổi thọ 30 năm,"Startup Mỹ SorbiForce chuyển đổi rác thải nông nghiệp thành nguyên mẫu pin hữu cơ không kim loại, giúp giảm tác động môi trường so với pin truyền thống.",VnExpress,"Chủ nhật, 13/4/2025, 13:17 (GMT+7)",N/A,1846,N/A,N/A,2025-10-13 07:57:31
https://vnexpress.net/tran-dau-quyen-anh-dau-tien-tren-the-gioi-cua-robot-hinh-nguoi-4873352.html,Trận đấu quyền Anh đầu tiên trên thế giới của robot hình người,Công ty robot Trung Quốc Unitree thông báo sẽ phát trực tiếp trận đấu quyền Anh đầu tiên giữa hai robot hình người trong khoảng một tháng tới.,VnExpress,"Chủ nhật, 13/4/2025, 11:01 (GMT+7)",N/A,2082,N/A,N/A,2025-10-13 07:57:33
https://vnexpress.net/mo-hinh-ai-du-doan-vi-tri-nguoi-mat-tich-4873192.html,Mô hình AI dự đoán vị trí người mất tích,"ScotlandĐại học Glasgow phát triển mô hình AI mô phỏng hành vi của người mất tích ngoài trời, hỗ trợ đội cứu hộ tìm kiếm hiệu quả hơn.",VnExpress,"Chủ nhật, 13/4/2025, 07:00 (GMT+7)",N/A,2098,N/A,N/A,2025-10-13 07:57:36
https://vnexpress.net/anh-3d-noi-dau-tien-tren-the-gioi-co-the-tuong-tac-vat-ly-4873174.html,Ảnh 3D nổi đầu tiên trên thế giới có thể tương tác vật lý,Tây Ban NhaCác nhà khoa học phát triển màn hình đàn hồi cho phép con người dùng tay để thao tác trực tiếp với hình ảnh 3D hologram.,VnExpress,"Chủ nhật, 13/4/2025, 00:00 (GMT+7)",N/A,2108,N/A,N/A,2025-10-13 07:57:39
https://vnexpress.net/pin-mem-co-the-bien-thanh-moi-hinh-dang-4873076.html,Pin mềm có thể biến thành mọi hình dạng,"Thụy ĐiểnĐại học Linkoping phát triển pin có thể định hình theo ý muốn nhờ dùng điện cực dạng lỏng, mở ra hướng đi mới cho công nghệ tương lai.",VnExpress,"Thứ bảy, 12/4/2025, 19:00 (GMT+7)",N/A,2372,N/A,N/A,2025-10-13 07:57:41
https://vnexpress.net/thien-thach-tao-ra-vung-di-thuong-trong-luc-khong-lo-o-nam-cuc-4873011.html,Thiên thạch tạo ra vùng dị thường trọng lực khổng lồ ở Nam Cực,Miệng hố Wilkes Land rộng 510 km ở Đông Nam Cực có thể hình thành do thiên thạch cổ đại và là miệng hố va chạm lớn nhất trên Trái Đất.,VnExpress,"Thứ bảy, 12/4/2025, 12:55 (GMT+7)",N/A,2448,N/A,N/A,2025-10-13 07:57:43
https://vnexpress.net/drone-cuu-ho-y-te-khan-cap-dau-tien-tren-the-gioi-4872708.html,Drone cứu hộ y tế khẩn cấp đầu tiên trên thế giới,Công ty công nghệ y tế Haishen thuộc Tập đoàn đóng tàu Trung Quốc phát triển drone cứu hộ nhằm ứng phó với thảm họa trong môi trường khắc nghiệt.,VnExpress,"Thứ bảy, 12/4/2025, 12:00 (GMT+7)",N/A,1836,N/A,N/A,2025-10-13 07:57:45
https://vnexpress.net/bun-phun-trao-o-phu-yen-la-do-hoat-dong-kien-tao-doc-dut-gay-4872958.html,Bùn phun trào ở Phú Yên là do hoạt động kiến tạo dọc đứt gãy,Ngành chức năng nhận định bùn phun trào ở khu đất tại huyện Đồng Xuân là do các hoạt động kiến tạo dọc đứt gãy kéo dài trên khu vực đồi núi lân cận xuống.,VnExpress,"Thứ bảy, 12/4/2025, 09:09 (GMT+7)",N/A,2735,N/A,N/A,2025-10-13 07:57:47
https://vnexpress.net/tau-du-lich-dau-tien-tren-the-gioi-chay-bang-hydro-4872560.html,Tàu du lịch đầu tiên trên thế giới chạy bằng hydro,"ItalyTàu Viking Libra, với sức chở gần 1.000 hành khách, trang bị công nghệ pin nhiên liệu hydro tiên tiến với khả năng tạo ra 6 MW điện.",VnExpress,"Thứ bảy, 12/4/2025, 08:00 (GMT+7)",N/A,2086,N/A,N/A,2025-10-13 07:57:52
https://vnexpress.net/nhieu-dut-gay-o-viet-nam-co-the-thuc-giac-4872838.html,Nhiều đứt gãy ở Việt Nam có thể 'thức giấc',"Các nhà khoa học cho rằng tại Việt Nam có nhiều đới đứt gãy đang ""ngủ yên"" vẫn âm thầm tích tụ ứng suất kiến tạo từ va chạm giữa các mảng vỏ Trái Đất, tiềm ẩn nguy cơ phát sinh động đất mạnh trong tương lai.",VnExpress,"Thứ bảy, 12/4/2025, 00:00 (GMT+7)",N/A,4085,N/A,N/A,2025-10-13 07:57:55
https://vnexpress.net/dan-ca-voi-sat-thu-60-con-vay-giet-ca-voi-nguy-cap-4872541.html,Đàn cá voi sát thủ 60 con vây giết cá voi nguy cấp,"Một đàn hơn 60 con cá voi sát thủ tấn công thô bạo và giết chết một con cá voi xanh pygmy dài 18 m, gây sốc cho các du khách trên thuyền ngắm cảnh gần đó.",VnExpress,"Thứ sáu, 11/4/2025, 20:00 (GMT+7)",Thế giới tự nhiên,2250,N/A,N/A,2025-10-13 07:57:57
https://vnexpress.net/la-nina-ket-thuc-4872557.html,La Nina kết thúc,"La Nina, mô hình tự nhiên ảnh hưởng tới thời tiết trên khắp thế giới, xuất hiện vào đầu năm nay nhưng chỉ tồn tại trong vài tháng ngắn ngủi.",VnExpress,"Thứ sáu, 11/4/2025, 19:00 (GMT+7)",N/A,2446,N/A,N/A,2025-10-13 07:57:59
https://vnexpress.net/he-thong-ai-giup-che-tao-robot-theo-mo-ta-4872623.html,Hệ thống AI giúp chế tạo robot theo mô tả,"MỹĐại học Duke phát triển Text2Robot, hệ thống AI tạo sinh có thể chuyển đổi câu lệnh viết bằng ngôn ngữ tự nhiên thành robot hoạt động được.",VnExpress,"Thứ sáu, 11/4/2025, 16:00 (GMT+7)",N/A,2140,N/A,N/A,2025-10-13 07:58:01
https://vnexpress.net/bun-phun-trao-o-phu-yen-do-truong-no-set-khi-gap-nuoc-4872408.html,'Bùn phun trào ở Phú Yên do trương nở sét khi gặp nước',"Chuyên gia cho biết hiện tượng bùn trào lên từ lòng đất ở Phú Yên do hợp phần sét bị trương nở và phân tán mạnh khi bão hòa nước tạo áp lực đẩy phồng, làm cho bùn phun tràn trên bề mặt.",VnExpress,"Thứ sáu, 11/4/2025, 14:35 (GMT+7)",N/A,3068,N/A,N/A,2025-10-13 07:58:03
https://vnexpress.net/google-phat-trien-chip-ai-nhanh-gap-24-lan-sieu-may-tinh-4872544.html,Google phát triển chip AI nhanh gấp 24 lần siêu máy tính,"MỹCông suất tính toán 42,5 exaflop của bộ xử lý Ironwood biến nó thành nền tảng cho những mô hình AI cao cấp của Google, bao gồm Gemini 2.5.",VnExpress,"Thứ sáu, 11/4/2025, 11:03 (GMT+7)",N/A,2219,N/A,N/A,2025-10-13 07:58:05
https://vnexpress.net/nha-khoa-hoc-thay-doi-hieu-biet-nhan-loai-ve-nhung-ngoi-sao-4872440.html,Nhà khoa học thay đổi hiểu biết nhân loại về những ngôi sao,"100 năm trước, luận án tiến sĩ của Cecilia Payne-Gaposchkin đưa ra nhận định gây tranh cãi: hydro và heli là thành phần chính tạo nên các ngôi sao.",VnExpress,"Thứ sáu, 11/4/2025, 07:58 (GMT+7)",Vũ trụ,5021,N/A,N/A,2025-10-13 07:58:08
https://vnexpress.net/bi-an-ve-may-tinh-dau-tien-tren-the-gioi-4872076.html,Bí ẩn về máy tính đầu tiên trên thế giới,Cỗ máy Antikythera vẫn khiến các nhà khoa học bối rối về mục đích sử dụng của nó sau hơn 2.000 năm.,VnExpress,"Thứ sáu, 11/4/2025, 00:00 (GMT+7)",N/A,2989,N/A,N/A,2025-10-13 07:58:10
https://vnexpress.net/dan-cay-van-hop-suc-danh-duoi-robot-ran-ho-mang-4871584.html,Đàn cầy vằn hợp sức đánh đuổi robot rắn hổ mang,Đàn cầy vằn tạo thành một bước tường uy hiếp trực diện robot rắn hổ mang với mục đích khiến kẻ thù mất sức và phải thoái lui.,VnExpress,"Thứ năm, 10/4/2025, 20:00 (GMT+7)",Thế giới tự nhiên,9,N/A,N/A,2025-10-13 07:58:12
https://vnexpress.net/ho-nuoc-khong-lo-bien-thanh-sa-mac-tre-nhat-hanh-tinh-4871981.html,Hồ nước khổng lồ biến thành sa mạc trẻ nhất hành tinh,"Biển Aral từng là một trong những hồ lớn nhất thế giới, nhưng việc mất nguồn cung cấp nước từ hai con sông gần đó khiến hồ dần khô cạn.",VnExpress,"Thứ năm, 10/4/2025, 19:00 (GMT+7)",N/A,3435,N/A,N/A,2025-10-13 07:58:14
https://vnexpress.net/trung-tam-du-lieu-khien-khung-hoang-nuoc-them-tram-trong-4872071.html,Trung tâm dữ liệu khiến khủng hoảng nước thêm trầm trọng,Nhu cầu gia tăng đối với lưu trữ đám mây và AI khiến cơn khát nước của các trung tâm dữ liệu trở thành áp lực đối với những khu vực khan hiếm nước.,VnExpress,"Thứ năm, 10/4/2025, 15:24 (GMT+7)",N/A,3061,N/A,N/A,2025-10-13 07:58:17
https://vnexpress.net/su-that-ve-du-an-hoi-sinh-soi-trang-tuyet-chung-12-500-nam-4872070.html,Sự thật về dự án hồi sinh sói trắng tuyệt chủng 12.500 năm,MỹCác nhà khoa học gần đây tuyên bố họ đã hồi sinh sói trắng tuyệt chủng nhờ công nghệ gene nhưng giới chuyên gia cho rằng con vật mới tạo ra chỉ giống sói trắng về hình dáng.,VnExpress,"Thứ năm, 10/4/2025, 14:08 (GMT+7)",N/A,5228,N/A,N/A,2025-10-13 07:58:19
https://vnexpress.net/phat-hien-loai-nam-chua-hop-chat-dang-nhat-tung-biet-4871591.html,Phát hiện loài nấm chứa hợp chất đắng nhất từng biết,Một nhóm nhà khoa học Đức phát hiện một chất hóa học ở nấm bracket là hợp chất đắng nhất mà con người biết tới từ trước tới nay.,VnExpress,"Thứ năm, 10/4/2025, 10:50 (GMT+7)",N/A,2195,N/A,N/A,2025-10-13 07:58:21
https://vnexpress.net/5-ho-so-binh-chon-cao-nhat-tuan-dau-vong-loai-sang-kien-khoa-hoc-4871453.html,5 hồ sơ bình chọn cao nhất tuần đầu vòng loại Sáng kiến Khoa học,"199 dự án tham gia cuộc thi Sáng kiến Khoa học 2025 do VnExpress tổ chức đang trong cuộc đua bình chọn, trong đó 5 bài thi nhận được sự quan tâm vượt trội.",VnExpress,"Thứ năm, 10/4/2025, 09:56 (GMT+7)",N/A,5626,N/A,N/A,2025-10-13 07:58:24
https://vnexpress.net/pin-hat-nhan-giup-tau-vu-tru-ton-tai-hang-chuc-nam-4871104.html,Pin hạt nhân giúp tàu vũ trụ tồn tại hàng chục năm,Máy phát nhiệt điện đồng vị phóng xạ là lựa chọn hoàn hảo giúp các tàu thăm dò bay xa Mặt Trời như tàu Voyager hoạt động bền bỉ suốt hàng thập kỷ.,VnExpress,"Thứ năm, 10/4/2025, 00:00 (GMT+7)",N/A,4677,N/A,N/A,2025-10-13 07:58:26
https://vnexpress.net/chat-ran-nhe-nhat-the-gioi-4871969.html,Chất rắn nhẹ nhất thế giới,"Aerogel là chất rắn siêu nhẹ, có thể chứa tới 99% không khí xét theo thể tích, đồng thời là chất cách nhiệt tuyệt vời.",VnExpress,"Thứ tư, 9/4/2025, 21:15 (GMT+7)",N/A,3085,N/A,N/A,2025-10-13 07:58:28
https://vnexpress.net/anh-scan-moi-he-lo-nhung-gio-cuoi-cung-cua-tau-titanic-4871577.html,Ảnh scan mới hé lộ những giờ cuối cùng của tàu Titanic,Phân tích chi tiết ảnh scan kỹ thuật số kích thước thật của tàu Titanic cung cấp chi tiết mới về những giờ cuối cùng của tàu chở khách xấu số.,VnExpress,"Thứ tư, 9/4/2025, 19:47 (GMT+7)",N/A,4015,N/A,N/A,2025-10-13 07:58:31
https://vnexpress.net/robot-hinh-nguoi-hoan-thanh-thu-nghiem-chay-marathon-4871607.html,Robot hình người hoàn thành thử nghiệm chạy marathon,Trung QuốcMột số robot tham gia giải chạy bán marathon (21 km) sắp tới ở Bắc Kinh hoàn thành thử nghiệm chạy trên đường bộ đầu tiên.,VnExpress,"Thứ tư, 9/4/2025, 15:30 (GMT+7)",N/A,10,N/A,N/A,2025-10-13 07:58:33
https://vnexpress.net/phat-hien-hai-loai-bo-xit-mu-o-viet-nam-4871458.html,Phát hiện hai loài bọ xít mù ở Việt Nam,"Các nhà khoa học phát hiện hai loài bọ xít mù tại hai vườn quốc gia, nâng danh mục phân họ Mirinae lên bốn chi và tám loài mới.",VnExpress,"Thứ tư, 9/4/2025, 14:36 (GMT+7)",Thế giới tự nhiên,1451,N/A,N/A,2025-10-13 07:58:35
https://vnexpress.net/hon-100-mau-robot-hinh-nguoi-di-hoc-4871582.html,Hơn 100 mẫu robot hình người đi học,Trung QuốcCác robot tại trung tâm huấn luyện mới tại Thượng Hải sẽ học hỏi 45 kỹ năng cơ bản thông qua mô phỏng hành động lặp lại của con người.,VnExpress,"Thứ tư, 9/4/2025, 12:00 (GMT+7)",N/A,3015,N/A,N/A,2025-10-13 07:58:37
https://vnexpress.net/cuc-bac-co-the-dich-chuyen-27-m-do-bang-tan-4871676.html,Cực Bắc có thể dịch chuyển 27 m do băng tan,"Biến đổi khí hậu do hoạt động của con người có thể khiến băng tan, dẫn đến vị trí các cực địa lý thay đổi lớn cuối thế kỷ này.",VnExpress,"Thứ tư, 9/4/2025, 11:11 (GMT+7)",N/A,2832,N/A,N/A,2025-10-13 07:58:40
https://vnexpress.net/bi-quyet-giup-toa-nha-cao-nhat-the-gioi-dung-vung-truoc-thien-tai-4871528.html,Bí quyết giúp tòa nhà cao nhất thế giới đứng vững trước thiên tai,"Sở hữu chiều cao 828 m, nhưng Burj Khalifa luôn đứng vững trước gió mạnh, rung chấn và các điều kiện thời tiết khắc nghiệt nhờ thiết kế khí động học giống bông hoa và vật liệu siêu bền.",VnExpress,"Thứ tư, 9/4/2025, 00:00 (GMT+7)",Cửa sổ tri thức,39,N/A,N/A,2025-10-13 07:58:42
https://vnexpress.net/nha-khoa-hoc-mat-mang-vi-xem-nhe-ran-doc-can-4871093.html,Nhà khoa học mất mạng vì xem nhẹ rắn độc cắn,"Cách đây gần 70 năm, Karl Patterson Schmidt, nhà bò sát học nổi tiếng, phải trả giá bằng cả mạng sống vì niềm tin sai lầm rằng rắn boomslang vô hại.",VnExpress,"Thứ ba, 8/4/2025, 21:15 (GMT+7)",N/A,2704,N/A,N/A,2025-10-13 07:58:44
https://vnexpress.net/hoi-sinh-thanh-cong-loai-soi-trang-tuyet-chung-12-500-nam-4871109.html,Hồi sinh thành công loài sói trắng tuyệt chủng 12.500 năm,"MỹSử dụng những mẫu gene từ hóa thạch và kỹ thuật di truyền, các chuyên gia lần đầu tiên tạo ra ba con non thuộc loài sói Aenocyon dirus.",VnExpress,"Thứ ba, 8/4/2025, 19:38 (GMT+7)",Thế giới tự nhiên,3088,N/A,N/A,2025-10-13 07:58:46
https://vnexpress.net/loai-cay-tien-hoa-de-set-danh-tieu-diet-ke-thu-4871090.html,Loài cây tiến hóa để sét đánh tiêu diệt kẻ thù,Cây đậu tonka sống sót nguyên vẹn sau khi sét đánh và sử dụng cú sốc điện cực mạnh để tiêu diệt đối thủ cạnh tranh và dây leo ký sinh.,VnExpress,"Thứ ba, 8/4/2025, 15:41 (GMT+7)",Thế giới tự nhiên,3118,N/A,N/A,2025-10-13 07:58:49
